{
    "musicData": {
        "musicName": "NOPAIN",
        "artistName": "",
        "BPM": 0
    },
    "notes": [
        {
            "keyPos": 3,
            "noteType": 1,
            "startTime": 1400.0,
            "endTime": 400.0,
            "keySound": "",
            "keySoundVolume": 1.0,
            "isJudgeDone": false,
            "isLongNoteStart": false,
            "isLongNoteBody": false,
            "isLongNoteEnd": false
        },
        {
            "keyPos": 1,
            "noteType": 0,
            "startTime": 2500.0,
            "endTime": 0.0,
            "keySound": "",
            "keySoundVolume": 1.0,
            "isJudgeDone": false,
            "isLongNoteStart": false,
            "isLongNoteBody": false,
            "isLongNoteEnd": false
        },
        {
            "keyPos": 3,
            "noteType": 0,
            "startTime": 2500.0,
            "endTime": 0.0,
            "keySound": "",
            "keySoundVolume": 1.0,
            "isJudgeDone": false,
            "isLongNoteStart": false,
            "isLongNoteBody": false,
            "isLongNoteEnd": false
        },
        {
            "keyPos": 2,
            "noteType": 0,
            "startTime": 2900.0,
            "endTime": 0.0,
            "keySound": "",
            "keySoundVolume": 1.0,
            "isJudgeDone": false,
            "isLongNoteStart": false,
            "isLongNoteBody": false,
            "isLongNoteEnd": false
        },
        {
            "keyPos": 0,
            "noteType": 0,
            "startTime": 2900.0,
            "endTime": 0.0,
            "keySound": "",
            "keySoundVolume": 1.0,
            "isJudgeDone": false,
            "isLongNoteStart": false,
            "isLongNoteBody": false,
            "isLongNoteEnd": false
        },
        {
            "keyPos": 1,
            "noteType": 0,
            "startTime": 3400.0,
            "endTime": 0.0,
            "keySound": "",
            "keySoundVolume": 1.0,
            "isJudgeDone": false,
            "isLongNoteStart": false,
            "isLongNoteBody": false,
            "isLongNoteEnd": false
        },
        {
            "keyPos": 3,
            "noteType": 0,
            "startTime": 3400.0,
            "endTime": 0.0,
            "keySound": "",
            "keySoundVolume": 1.0,
            "isJudgeDone": false,
            "isLongNoteStart": false,
            "isLongNoteBody": false,
            "isLongNoteEnd": false
        },
        {
            "keyPos": 1,
            "noteType": 0,
            "startTime": 3900.0,
            "endTime": 0.0,
            "keySound": "",
            "keySoundVolume": 1.0,
            "isJudgeDone": false,
            "isLongNoteStart": false,
            "isLongNoteBody": false,
            "isLongNoteEnd": false
        },
        {
            "keyPos": 2,
            "noteType": 0,
            "startTime": 4400.0,
            "endTime": 0.0,
            "keySound": "",
            "keySoundVolume": 1.0,
            "isJudgeDone": false,
            "isLongNoteStart": false,
            "isLongNoteBody": false,
            "isLongNoteEnd": false
        },
        {
            "keyPos": 0,
            "noteType": 0,
            "startTime": 4400.0,
            "endTime": 0.0,
            "keySound": "",
            "keySoundVolume": 1.0,
            "isJudgeDone": false,
            "isLongNoteStart": false,
            "isLongNoteBody": false,
            "isLongNoteEnd": false
        },
        {
            "keyPos": 3,
            "noteType": 1,
            "startTime": 4800.0,
            "endTime": 700.0,
            "keySound": "",
            "keySoundVolume": 1.0,
            "isJudgeDone": false,
            "isLongNoteStart": false,
            "isLongNoteBody": false,
            "isLongNoteEnd": false
        },
        {
            "keyPos": 2,
            "noteType": 1,
            "startTime": 6000.0,
            "endTime": 1000.0,
            "keySound": "",
            "keySoundVolume": 1.0,
            "isJudgeDone": false,
            "isLongNoteStart": false,
            "isLongNoteBody": false,
            "isLongNoteEnd": false
        },
        {
            "keyPos": 1,
            "noteType": 1,
            "startTime": 8300.0,
            "endTime": 1000.0,
            "keySound": "",
            "keySoundVolume": 1.0,
            "isJudgeDone": false,
            "isLongNoteStart": false,
            "isLongNoteBody": false,
            "isLongNoteEnd": false
        }
    ]
}